Workbook

Sheet Instrucciones
B1: Desfile Histórico de Gualmatán — Plantilla de datos
B2: Para cargar las participaciones en la base de datos del sitio web. Una fila = una participación de una persona en un año.
B4: Orden para llenarla
B5: 1. Hoja «Pasos» | C5: Escribe el nombre de cada uno de los 68 pasos (estampas) del desfile, en su orden.
B6: 2. Hoja «Personajes» | C6: Para cada paso, sus personajes. Elige el paso en la lista y escribe el personaje. Marca si es Principal o Secundario.
B7: 3. Hoja «Participaciones» | C7: Una fila por cada vez que una persona participó: nombre completo, año, paso (de la lista) y personaje.
B9: Colores
B10: Amarillo | C10: Celdas que llenas tú.
B11: Verde suave | C11: Se llenan solas (no las escribas).
B13: Reglas para que los datos queden limpios
B14: Nombre completo | C14: Siempre igual para la misma persona, con tildes y en un solo campo: así se arma su cronología. Ej.: escribir siempre «Guillermo Alejandro Hernández Quirós», no a veces «Guillermo Hernández».
B15: Paso | C15: Elígelo de la lista desplegable (no lo escribas a mano): así no hay diferencias de ortografía ni de mayúsculas.
B16: Personaje | C16: Escríbelo igual que en la hoja «Personajes». La columna «¿En la lista?» avisa si es uno nuevo o si tiene una diferencia de escritura.
B17: Años anteriores | C17: Si una persona salió en varios años, va una fila por cada año.
B18: Foto | C18: Nombre del archivo (ej.: hernandez-quiros-guillermo-2024.jpg) o el enlace de Drive. Archivos sin espacios ni tildes.
B19: Autorización | C19: Solo «Sí» si la persona autorizó publicar su nombre, participación y foto (si es menor de edad, la autorización la da su padre, madre o acudiente). Con «No» la fila se guarda, pero no se publica.
B21: Ejemplo de una fila en «Participaciones» (no la copies, es solo para ver el formato)
B22: Nombre completo | C22: Guillermo Alejandro Hernández Quirós
B23: Año | C23: 2024
B24: Paso | C24: [Nombre del paso, elegido de la lista]
B25: Personaje | C25: [Personaje, como en la hoja Personajes]
B26: Foto | C26: hernandez-quiros-guillermo-2024.jpg
B27: Autoriza publicar | C27: Sí
B28: Notas
B30: El nombre del ejemplo es el que dio Guillermo como muestra; los textos entre [ ] se reemplazan por los reales.

Sheet Pasos
A1: Pasos del desfile
A2: Escribe el nombre de cada paso (estampa) en su orden. Son 68. | C2: Si un nombre se repite, la columna D lo avisa.
A4: Nº | B4: Nombre del paso | C4: Descripción corta (opcional) | D4: ¿Repetido?
A5: 1 | D5: =IF(B5="","",IF(COUNTIF($B$5:$B$72,B5)>1,"Repetido",""))
A6: 2 | D6: =IF(B6="","",IF(COUNTIF($B$5:$B$72,B6)>1,"Repetido",""))
A7: 3 | D7: =IF(B7="","",IF(COUNTIF($B$5:$B$72,B7)>1,"Repetido",""))
A8: 4 | D8: =IF(B8="","",IF(COUNTIF($B$5:$B$72,B8)>1,"Repetido",""))
A9: 5 | D9: =IF(B9="","",IF(COUNTIF($B$5:$B$72,B9)>1,"Repetido",""))
A10: 6 | D10: =IF(B10="","",IF(COUNTIF($B$5:$B$72,B10)>1,"Repetido",""))
A11: 7 | D11: =IF(B11="","",IF(COUNTIF($B$5:$B$72,B11)>1,"Repetido",""))
A12: 8 | D12: =IF(B12="","",IF(COUNTIF($B$5:$B$72,B12)>1,"Repetido",""))
A13: 9 | D13: =IF(B13="","",IF(COUNTIF($B$5:$B$72,B13)>1,"Repetido",""))
A14: 10 | D14: =IF(B14="","",IF(COUNTIF($B$5:$B$72,B14)>1,"Repetido",""))
A15: 11 | D15: =IF(B15="","",IF(COUNTIF($B$5:$B$72,B15)>1,"Repetido",""))
A16: 12 | D16: =IF(B16="","",IF(COUNTIF($B$5:$B$72,B16)>1,"Repetido",""))
... A72: 68 | D72: =IF(B72="","",IF(COUNTIF($B$5:$B$72,B72)>1,"Repetido",""))

Sheet Personajes
A1: Personajes de cada paso
A2: Elige el paso en la lista, escribe el personaje y marca si es Principal o Secundario.
A4: Paso | B4: Nº del paso | C4: Personaje | D4: Tipo
B5: =IF(A5="","",IFERROR(INDEX(Pasos!$A$5:$A$72,MATCH(A5,Pasos!$B$5:$B$72,0)),"?"))
B6: =IF(A6="","",IFERROR(INDEX(Pasos!$A$5:$A$72,MATCH(A6,Pasos!$B$5:$B$72,0)),"?"))
B7: =IF(A7="","",IFERROR(INDEX(Pasos!$A$5:$A$72,MATCH(A7,Pasos!$B$5:$B$72,0)),"?"))
B8: =IF(A8="","",IFERROR(INDEX(Pasos!$A$5:$A$72,MATCH(A8,Pasos!$B$5:$B$72,0)),"?"))
B9: =IF(A9="","",IFERROR(INDEX(Pasos!$A$5:$A$72,MATCH(A9,Pasos!$B$5:$B$72,0)),"?"))
B10: =IF(A10="","",IFERROR(INDEX(Pasos!$A$5:$A$72,MATCH(A10,Pasos!$B$5:$B$72,0)),"?"))
B11: =IF(A11="","",IFERROR(INDEX(Pasos!$A$5:$A$72,MATCH(A11,Pasos!$B$5:$B$72,0)),"?"))
B12: =IF(A12="","",IFERROR(INDEX(Pasos!$A$5:$A$72,MATCH(A12,Pasos!$B$5:$B$72,0)),"?"))
B13: =IF(A13="","",IFERROR(INDEX(Pasos!$A$5:$A$72,MATCH(A13,Pasos!$B$5:$B$72,0)),"?"))
B14: =IF(A14="","",IFERROR(INDEX(Pasos!$A$5:$A$72,MATCH(A14,Pasos!$B$5:$B$72,0)),"?"))
B15: =IF(A15="","",IFERROR(INDEX(Pasos!$A$5:$A$72,MATCH(A15,Pasos!$B$5:$B$72,0)),"?"))
B16: =IF(A16="","",IFERROR(INDEX(Pasos!$A$5:$A$72,MATCH(A16,Pasos!$B$5:$B$72,0)),"?"))
... B404: =IF(A404="","",IFERROR(INDEX(Pasos!$A$5:$A$72,MATCH(A404,Pasos!$B$5:$B$72,0)),"?"))

Sheet Participaciones
A1: Participaciones
A2: Una fila por cada vez que una persona participó (persona + año + paso + personaje).
A4: Nombre completo | B4: Año | C4: Paso | D4: Personaje | E4: ¿En la lista? | F4: Foto (archivo o enlace) | G4: Autoriza publicar | H4: Notas
E5: =IF(OR(C5="",D5=""),"",IF(COUNTIFS(Personajes!$A$5:$A$404,C5,Personajes!$C$5:$C$404,D5)>0,"Sí","Revisar"))
E6: =IF(OR(C6="",D6=""),"",IF(COUNTIFS(Personajes!$A$5:$A$404,C6,Personajes!$C$5:$C$404,D6)>0,"Sí","Revisar"))
E7: =IF(OR(C7="",D7=""),"",IF(COUNTIFS(Personajes!$A$5:$A$404,C7,Personajes!$C$5:$C$404,D7)>0,"Sí","Revisar"))
E8: =IF(OR(C8="",D8=""),"",IF(COUNTIFS(Personajes!$A$5:$A$404,C8,Personajes!$C$5:$C$404,D8)>0,"Sí","Revisar"))
E9: =IF(OR(C9="",D9=""),"",IF(COUNTIFS(Personajes!$A$5:$A$404,C9,Personajes!$C$5:$C$404,D9)>0,"Sí","Revisar"))
E10: =IF(OR(C10="",D10=""),"",IF(COUNTIFS(Personajes!$A$5:$A$404,C10,Personajes!$C$5:$C$404,D10)>0,"Sí","Revisar"))
E11: =IF(OR(C11="",D11=""),"",IF(COUNTIFS(Personajes!$A$5:$A$404,C11,Personajes!$C$5:$C$404,D11)>0,"Sí","Revisar"))
E12: =IF(OR(C12="",D12=""),"",IF(COUNTIFS(Personajes!$A$5:$A$404,C12,Personajes!$C$5:$C$404,D12)>0,"Sí","Revisar"))
E13: =IF(OR(C13="",D13=""),"",IF(COUNTIFS(Personajes!$A$5:$A$404,C13,Personajes!$C$5:$C$404,D13)>0,"Sí","Revisar"))
E14: =IF(OR(C14="",D14=""),"",IF(COUNTIFS(Personajes!$A$5:$A$404,C14,Personajes!$C$5:$C$404,D14)>0,"Sí","Revisar"))
E15: =IF(OR(C15="",D15=""),"",IF(COUNTIFS(Personajes!$A$5:$A$404,C15,Personajes!$C$5:$C$404,D15)>0,"Sí","Revisar"))
E16: =IF(OR(C16="",D16=""),"",IF(COUNTIFS(Personajes!$A$5:$A$404,C16,Personajes!$C$5:$C$404,D16)>0,"Sí","Revisar"))
... E2004: =IF(OR(C2004="",D2004=""),"",IF(COUNTIFS(Personajes!$A$5:$A$404,C2004,Personajes!$C$5:$C$404,D2004)>0,"Sí","Revisar"))
